{
    "encryptor":{
        "type":"NACL",
        "properties":{
            
        }
    },
    "serverConfigs":[
        {
            "app":"ENCLAVE",
            "enabled": true,
            "serverAddress": "http://localhost:9185",
            "communicationType" : "REST"
        }
    ],
    "keys": {
        "passwords": [],
        "keyData": [
            {
                "privateKeyPath": "/home/pcep/Documents/7NodesTry/quorum-examples/examples/7nodes/qdata/c5/tm.key",
                "publicKeyPath": "/home/pcep/Documents/7NodesTry/quorum-examples/examples/7nodes/qdata/c5/tm.pub"
            }
        ]
    },
    "alwaysSendTo": []
}
