{
    "useWhiteList": false,
    "jdbc": {
        "username": "sa",
        "password": "",
        "url": "jdbc:h2:/home/pcep/Documents/7NodesTry/quorum-examples/examples/7nodes/qdata/c5/db5;MODE=Oracle;TRACE_LEVEL_SYSTEM_OUT=0",
        "autoCreateTables": true
    },
    "serverConfigs":[
        {
            "app":"ENCLAVE",
            "enabled": true,
            "serverAddress": "http://localhost:9185",
            "communicationType" : "REST"
        },
        {
            "app":"ThirdParty",
            "enabled": true,
            "serverAddress": "http://localhost:9085",
            "communicationType" : "REST"
        },
        {
            "app":"Q2T",
            "enabled": true,
             "serverAddress":"unix:/home/pcep/Documents/7NodesTry/quorum-examples/examples/7nodes/qdata/c5/tm.ipc",
            "communicationType" : "REST"
        },
        {
            "app":"P2P",
            "enabled": true,
            "serverAddress":"http://localhost:9005",
            "sslConfig": {
                "tls": "OFF"
            },
            "communicationType" : "REST"
        }
    ],
    "peer": [
        
        {
            "url": "http://127.0.0.1:9001"
        },
        {
            "url": "http://127.0.0.1:9002"
        },
        {
            "url": "http://127.0.0.1:9003"
        },
        {
            "url": "http://127.0.0.1:9004"
        },
        {
            "url": "http://127.0.0.1:9005"
        },
        {
            "url": "http://127.0.0.1:9006"
        },
        {
            "url": "http://127.0.0.1:9007"
        }
    ]
}
