[
  {
    "name": "node1",
    "rpcUrl": "http://localhost:22000",
    "transactionManagerUrl": "http://localhost:9081/partyinfo/keys"
  },
  {
    "name": "node2",
    "rpcUrl": "http://localhost:22001",
    "transactionManagerUrl": "http://localhost:9082/partyinfo/keys"
  },
  {
    "name": "node3",
    "rpcUrl": "http://localhost:22002",
    "transactionManagerUrl": "http://localhost:9083/partyinfo/keys"
  },
  {
    "name": "node4",
    "rpcUrl": "http://localhost:22003",
    "transactionManagerUrl": "http://localhost:9084/partyinfo/keys"
  },
  {
    "name": "node5",
    "rpcUrl": "http://localhost:22004",
    "transactionManagerUrl": "http://localhost:9085/partyinfo/keys"
  },
  {
    "name": "node6",
    "rpcUrl": "http://localhost:22005",
    "transactionManagerUrl": "http://localhost:9086/partyinfo/keys"
  },
  {
    "name": "node7",
    "rpcUrl": "http://localhost:22006",
    "transactionManagerUrl": "http://localhost:9087/partyinfo/keys"
  }
]
