{
    "encryptor":{
        "type":"NACL",
        "properties":{
            
        }
    },
    "useWhiteList": false,
    "jdbc": {
        "username": "sa",
        "password": "",
        "url": "jdbc:h2:/home/pcep/Documents/7NodesTry/quorum-examples/examples/7nodes/qdata/c1/db1;MODE=Oracle;TRACE_LEVEL_SYSTEM_OUT=0",
        "autoCreateTables": true
    },
    "serverConfigs":[
        {
            "app":"ThirdParty",
            "enabled": true,
            "serverAddress": "http://localhost:9081",
            "cors" : {
                "allowedMethods" : ["GET", "OPTIONS"],
                "allowedOrigins" : ["*"]
            },
            "communicationType" : "REST"
        },
        {
            "app":"Q2T",
            "enabled": true,
            "serverAddress":"unix:/home/pcep/Documents/7NodesTry/quorum-examples/examples/7nodes/qdata/c1/tm.ipc",
            "communicationType" : "REST"
        },
        {
            "app":"P2P",
            "enabled": true,
            "serverAddress":"http://localhost:9001",
            "sslConfig": {
                "tls": "OFF",
                "generateKeyStoreIfNotExisted": true,
                "serverKeyStore": "/home/pcep/Documents/7NodesTry/quorum-examples/examples/7nodes/qdata/c1/server1-keystore",
                "serverKeyStorePassword": "quorum",
                "serverTrustStore": "/home/pcep/Documents/7NodesTry/quorum-examples/examples/7nodes/qdata/c1/server-truststore",
                "serverTrustStorePassword": "quorum",
                "serverTrustMode": "TOFU",
                "knownClientsFile": "/home/pcep/Documents/7NodesTry/quorum-examples/examples/7nodes/qdata/c1/knownClients",
                "clientKeyStore": "/home/pcep/Documents/7NodesTry/quorum-examples/examples/7nodes/qdata/c1/client1-keystore",
                "clientKeyStorePassword": "quorum",
                "clientTrustStore": "/home/pcep/Documents/7NodesTry/quorum-examples/examples/7nodes/qdata/c1/client-truststore",
                "clientTrustStorePassword": "quorum",
                "clientTrustMode": "TOFU",
                "knownServersFile": "/home/pcep/Documents/7NodesTry/quorum-examples/examples/7nodes/qdata/c1/knownServers"
            },
            "communicationType" : "REST"
        }
    ],
    "peer": [
        
        {
            "url": "http://127.0.0.1:9001"
        },
        {
            "url": "http://127.0.0.1:9002"
        },
        {
            "url": "http://127.0.0.1:9003"
        },
        {
            "url": "http://127.0.0.1:9004"
        },
        {
            "url": "http://127.0.0.1:9005"
        },
        {
            "url": "http://127.0.0.1:9006"
        },
        {
            "url": "http://127.0.0.1:9007"
        }
    ],
    "keys": {
        "passwords": [],
        "keyData": [
            {
                "privateKeyPath": "/home/pcep/Documents/7NodesTry/quorum-examples/examples/7nodes/qdata/c1/tm.key",
                "publicKeyPath": "/home/pcep/Documents/7NodesTry/quorum-examples/examples/7nodes/qdata/c1/tm.pub"
            }
        ]
    },
    "alwaysSendTo": []
}
